Adzin Rong (Nyag),
,http://library.bdrc.io/show/bdr:G4654
Adzom Monastery,
,http://library.bdrc.io/show/bdr:G188
,http://library.bdrc.io/show/bdr:G1538
,http://library.bdrc.io/show/bdr:G3196
,http://library.bdrc.io/show/bdr:G2300
Arik Monastery,
,http://library.bdrc.io/show/bdr:G3JT12416
,http://library.bdrc.io/show/bdr:G1110
Australia,
,http://library.bdrc.io/show/bdr:G3167
Ballimaran,
,http://library.bdrc.io/show/bdr:G3167
Bangalore,
,http://library.bdrc.io/show/bdr:G3188
Barkham,
,http://library.bdrc.io/show/bdr:G830
,http://library.bdrc.io/show/bdr:G1KR138
,http://library.bdrc.io/show/bdr:G4793
,http://library.bdrc.io/show/bdr:G1KR75
,http://library.bdrc.io/show/bdr:G2330
,http://library.bdrc.io/show/bdr:G1326
,http://library.bdrc.io/show/bdr:G1196
,http://library.bdrc.io/show/bdr:G1473
Beijing & Lhasa,
,http://library.bdrc.io/show/bdr:G2800
,http://library.bdrc.io/show/bdr:G1949
Beijing & London,
,http://library.bdrc.io/show/bdr:G1949
Beijing & Ziling,
,http://library.bdrc.io/show/bdr:G3167
,http://library.bdrc.io/show/bdr:G1949
,http://library.bdrc.io/show/bdr:G598
Bora,
,http://library.bdrc.io/show/bdr:G651
,http://library.bdrc.io/show/bdr:G566
Bouddhanath,
,http://library.bdrc.io/show/bdr:G00KG09762
,http://library.bdrc.io/show/bdr:G2CN11080
,http://library.bdrc.io/show/bdr:G4450
Bouddhanath & Bodhgaya,
,http://library.bdrc.io/show/bdr:G2GS1037
,http://library.bdrc.io/show/bdr:G3196
Buxa,
,http://library.bdrc.io/show/bdr:G00EGS1017290
Bylakuppe,
,http://library.bdrc.io/show/bdr:G3CN516
,http://library.bdrc.io/show/bdr:G3188
Chengdu (etc.),
,http://library.bdrc.io/show/bdr:G10MS19724
Chenrezig Tibetan Buddhist Center,
,http://library.bdrc.io/show/bdr:G3167
,http://library.bdrc.io/show/bdr:G3JT12416
,http://library.bdrc.io/show/bdr:G3196
Chongqing,
,http://library.bdrc.io/show/bdr:G2KR73
Darjeeling & Kathmandu,
,http://library.bdrc.io/show/bdr:G2CN11080
,http://library.bdrc.io/show/bdr:G3167
Dehradun,
,http://library.bdrc.io/show/bdr:G1115
,http://library.bdrc.io/show/bdr:G3188
Delhi,
,http://library.bdrc.io/show/bdr:G3167
,http://library.bdrc.io/show/bdr:G3188
Delhi & Dolanji,
,http://library.bdrc.io/show/bdr:G3CN122
,http://library.bdrc.io/show/bdr:G3CN1567
Delhi & Gangtok,
,http://library.bdrc.io/show/bdr:G1398
Delingha,
,http://library.bdrc.io/show/bdr:G3167
Deorali,
,http://library.bdrc.io/show/bdr:G1398
,http://library.bdrc.io/show/bdr:G3167
Dharamsala & Sarnath,
,http://library.bdrc.io/show/bdr:G3JT12630
,http://library.bdrc.io/show/bdr:G1PD110102
Dhondenling Tibetan Settlement,
,http://library.bdrc.io/show/bdr:G3167
,http://library.bdrc.io/show/bdr:G3196
Dranang,
,http://library.bdrc.io/show/bdr:G799
,http://library.bdrc.io/show/bdr:G3CN123
Drepung (Tibet),
,http://library.bdrc.io/show/bdr:G2800
,http://library.bdrc.io/show/bdr:G2KR23
,http://library.bdrc.io/show/bdr:G130
,http://library.bdrc.io/show/bdr:G3CN170
,http://library.bdrc.io/show/bdr:G150
,http://library.bdrc.io/show/bdr:G2CN10836
,http://library.bdrc.io/show/bdr:G136
,http://library.bdrc.io/show/bdr:G132
,http://library.bdrc.io/show/bdr:G139
,http://library.bdrc.io/show/bdr:G114
,http://library.bdrc.io/show/bdr:G2GS1125
,http://library.bdrc.io/show/bdr:G134
,http://library.bdrc.io/show/bdr:G140
,http://library.bdrc.io/show/bdr:G2CN11048
,http://library.bdrc.io/show/bdr:G144
,http://library.bdrc.io/show/bdr:G145
,http://library.bdrc.io/show/bdr:G125
,http://library.bdrc.io/show/bdr:G119
,http://library.bdrc.io/show/bdr:G133
,http://library.bdrc.io/show/bdr:G2MS14908
,http://library.bdrc.io/show/bdr:G121
,http://library.bdrc.io/show/bdr:G117
,http://library.bdrc.io/show/bdr:G118
,http://library.bdrc.io/show/bdr:G2CN10848
,http://library.bdrc.io/show/bdr:G129
,http://library.bdrc.io/show/bdr:G1060
,http://library.bdrc.io/show/bdr:G109
,http://library.bdrc.io/show/bdr:G108
,http://library.bdrc.io/show/bdr:G127
,http://library.bdrc.io/show/bdr:G147
,http://library.bdrc.io/show/bdr:G153
,http://library.bdrc.io/show/bdr:G151
,http://library.bdrc.io/show/bdr:G2CN10837
,http://library.bdrc.io/show/bdr:G128
,http://library.bdrc.io/show/bdr:G112
,http://library.bdrc.io/show/bdr:G958
,http://library.bdrc.io/show/bdr:G111
,http://library.bdrc.io/show/bdr:G115
,http://library.bdrc.io/show/bdr:G120
,http://library.bdrc.io/show/bdr:G2GS1124
,http://library.bdrc.io/show/bdr:G2CN11042
,http://library.bdrc.io/show/bdr:G149
,http://library.bdrc.io/show/bdr:G116
,http://library.bdrc.io/show/bdr:G143
,http://library.bdrc.io/show/bdr:G4652
,http://library.bdrc.io/show/bdr:G113
,http://library.bdrc.io/show/bdr:G152
,http://library.bdrc.io/show/bdr:G124
,http://library.bdrc.io/show/bdr:G148
,http://library.bdrc.io/show/bdr:G146
,http://library.bdrc.io/show/bdr:G110
,http://library.bdrc.io/show/bdr:G123
,http://library.bdrc.io/show/bdr:G138
,http://library.bdrc.io/show/bdr:G3251
,http://library.bdrc.io/show/bdr:G131
,http://library.bdrc.io/show/bdr:G126
,http://library.bdrc.io/show/bdr:G3196
,http://library.bdrc.io/show/bdr:G135
,http://library.bdrc.io/show/bdr:G122
,http://library.bdrc.io/show/bdr:G2GS1126
,http://library.bdrc.io/show/bdr:G142
,http://library.bdrc.io/show/bdr:G2CN10843
,http://library.bdrc.io/show/bdr:G137
Drepung Loseling (India),
,http://library.bdrc.io/show/bdr:G3167
Drib,
,http://library.bdrc.io/show/bdr:G2297
,http://library.bdrc.io/show/bdr:G3806
,http://library.bdrc.io/show/bdr:G2CN10867
,http://library.bdrc.io/show/bdr:G3449
,http://library.bdrc.io/show/bdr:G157
Drukgyel Dzong,
,http://library.bdrc.io/show/bdr:G836
Dzamthang Monastery,
,http://library.bdrc.io/show/bdr:G1KR561
,http://library.bdrc.io/show/bdr:G1KR152
,http://library.bdrc.io/show/bdr:G529
Dzogchen (Tibet),
,http://library.bdrc.io/show/bdr:G2CN11096
,http://library.bdrc.io/show/bdr:G16
,http://library.bdrc.io/show/bdr:G2CN11097
,http://library.bdrc.io/show/bdr:G2674
,http://library.bdrc.io/show/bdr:G4687
,http://library.bdrc.io/show/bdr:G3219
,http://library.bdrc.io/show/bdr:G1KG12786
,http://library.bdrc.io/show/bdr:G2690
,http://library.bdrc.io/show/bdr:G3196
,http://library.bdrc.io/show/bdr:G2623
,http://library.bdrc.io/show/bdr:G3702
,http://library.bdrc.io/show/bdr:G1KR2843
,http://library.bdrc.io/show/bdr:G1366
,http://library.bdrc.io/show/bdr:G3624
Dzogchen Shedra (Tibet),
,http://library.bdrc.io/show/bdr:G2CN11096
,http://library.bdrc.io/show/bdr:G1KG12786
,http://library.bdrc.io/show/bdr:G3196
Dzongsar (Tibet),
,http://library.bdrc.io/show/bdr:G1PD76601
,http://library.bdrc.io/show/bdr:G4874
,http://library.bdrc.io/show/bdr:G1539
,http://library.bdrc.io/show/bdr:G3JT12554
,http://library.bdrc.io/show/bdr:G3196
,http://library.bdrc.io/show/bdr:G1366
,http://library.bdrc.io/show/bdr:G213
Dzongsar Shedra (India),
,http://library.bdrc.io/show/bdr:G3CN1562
Dzongsar Shedra (Tibet),
,http://library.bdrc.io/show/bdr:G1538
,http://library.bdrc.io/show/bdr:G3167
,http://library.bdrc.io/show/bdr:G4874
,http://library.bdrc.io/show/bdr:G1539
,http://library.bdrc.io/show/bdr:G3196
,http://library.bdrc.io/show/bdr:G1326
,http://library.bdrc.io/show/bdr:G1366
Ewam Dechen Choling Monastery,
,http://library.bdrc.io/show/bdr:G4900
,http://library.bdrc.io/show/bdr:G3167
,http://library.bdrc.io/show/bdr:G1806
,http://library.bdrc.io/show/bdr:G4473
,http://library.bdrc.io/show/bdr:G3CN166
Gaden Shartse Monastery (India),
,http://library.bdrc.io/show/bdr:G4589
,http://library.bdrc.io/show/bdr:G3188
,http://library.bdrc.io/show/bdr:G1PD108904
Ganeshthan,
,http://library.bdrc.io/show/bdr:G2CN11080
Gangchen Kyishong,
,http://library.bdrc.io/show/bdr:G3JT12630
,http://library.bdrc.io/show/bdr:G3188
,http://library.bdrc.io/show/bdr:G1KR1559
Gangtok,
,http://library.bdrc.io/show/bdr:G1398
,http://library.bdrc.io/show/bdr:G3CN170
,http://library.bdrc.io/show/bdr:G3JT12532
Gangtok & Dharamsala,
,http://library.bdrc.io/show/bdr:G1398
,http://library.bdrc.io/show/bdr:G3JT12630
Gannan,
,http://library.bdrc.io/show/bdr:G2199
,http://library.bdrc.io/show/bdr:G566
Gansu,
,http://library.bdrc.io/show/bdr:G2207
,http://library.bdrc.io/show/bdr:G634
,http://library.bdrc.io/show/bdr:G2KR53
Gartse,
,http://library.bdrc.io/show/bdr:G3158
,http://library.bdrc.io/show/bdr:G602
,http://library.bdrc.io/show/bdr:G4649
,http://library.bdrc.io/show/bdr:G1KR2438
Gemur Monastery,
,http://library.bdrc.io/show/bdr:G1PD108904
Hamamatsu,
,http://library.bdrc.io/show/bdr:G2961
Heishui,
,http://library.bdrc.io/show/bdr:G3733
,http://library.bdrc.io/show/bdr:G2332
Hubli,
,http://library.bdrc.io/show/bdr:G3167
Italy,
,http://library.bdrc.io/show/bdr:G3167
Jomda,
,http://library.bdrc.io/show/bdr:G2376
,http://library.bdrc.io/show/bdr:G1352
Jomonang,
,http://library.bdrc.io/show/bdr:G1300
,http://library.bdrc.io/show/bdr:G2CN10906
,http://library.bdrc.io/show/bdr:G1PD108904
,http://library.bdrc.io/show/bdr:G4935
,http://library.bdrc.io/show/bdr:G201
,http://library.bdrc.io/show/bdr:G1751
Kangra,
,http://library.bdrc.io/show/bdr:G3188
Khajuhi,
,http://library.bdrc.io/show/bdr:G1PD110102
Khyungpo Tengchen Monastery,
,http://library.bdrc.io/show/bdr:G1095
,http://library.bdrc.io/show/bdr:G4006
,http://library.bdrc.io/show/bdr:G3167
,http://library.bdrc.io/show/bdr:G1KR1169
,http://library.bdrc.io/show/bdr:G303
,http://library.bdrc.io/show/bdr:G1854
,http://library.bdrc.io/show/bdr:G1KR99
,http://library.bdrc.io/show/bdr:G970
Kinnaur,
,http://library.bdrc.io/show/bdr:G4168
Kotla Panjola,
,http://library.bdrc.io/show/bdr:G2961
Kyichu Temple,
,http://library.bdrc.io/show/bdr:G836
Kyoto,
,http://library.bdrc.io/show/bdr:G00KG09752
,http://library.bdrc.io/show/bdr:G2961
Lahaul-Spiti,
,http://library.bdrc.io/show/bdr:G3CN32
Lato South,
,http://library.bdrc.io/show/bdr:G1185
Laya,
,http://library.bdrc.io/show/bdr:G388
Manali,
,http://library.bdrc.io/show/bdr:G3167
,http://library.bdrc.io/show/bdr:G3188
Manuka,
,http://library.bdrc.io/show/bdr:G3167
Mao County,
,http://library.bdrc.io/show/bdr:G4560
Maqen,
,http://library.bdrc.io/show/bdr:G578
,http://library.bdrc.io/show/bdr:G1754
,http://library.bdrc.io/show/bdr:G3214
Merchen,
,http://library.bdrc.io/show/bdr:G2883
,http://library.bdrc.io/show/bdr:G3JT12551
,http://library.bdrc.io/show/bdr:G2604
Mirik,
,http://library.bdrc.io/show/bdr:G3167
Mundgod,
,http://library.bdrc.io/show/bdr:G3188
,http://library.bdrc.io/show/bdr:G3196
,http://library.bdrc.io/show/bdr:G1PD108904
Mussoorie,
,http://library.bdrc.io/show/bdr:G849
Mysore,
,http://library.bdrc.io/show/bdr:G3188
Namgyal Monastery (Yuthok),
,http://library.bdrc.io/show/bdr:G4249
,http://library.bdrc.io/show/bdr:G3CN479
Nanping,
,http://library.bdrc.io/show/bdr:G2338
,http://library.bdrc.io/show/bdr:G2394
Narthang Monastery,
,http://library.bdrc.io/show/bdr:G225
,http://library.bdrc.io/show/bdr:G2CN10912
,http://library.bdrc.io/show/bdr:G923
,http://library.bdrc.io/show/bdr:G3566
Ngagyur Taklung Monastery,
,http://library.bdrc.io/show/bdr:G3978
,http://library.bdrc.io/show/bdr:G10MS19723
,http://library.bdrc.io/show/bdr:G1202
,http://library.bdrc.io/show/bdr:G4240
,http://library.bdrc.io/show/bdr:G913
,http://library.bdrc.io/show/bdr:G1750
,http://library.bdrc.io/show/bdr:G1KR2669
,http://library.bdrc.io/show/bdr:G1KR2481
,http://library.bdrc.io/show/bdr:G3611
Ngulchu Chodzong Monastery,
,http://library.bdrc.io/show/bdr:G223
Nubzur Monastery,
,http://library.bdrc.io/show/bdr:G3765
,http://library.bdrc.io/show/bdr:G2LS547
,http://library.bdrc.io/show/bdr:G3971
Oakland,
,http://library.bdrc.io/show/bdr:G3167
Odiyan,
,http://library.bdrc.io/show/bdr:G1115
Otani,
,http://library.bdrc.io/show/bdr:G00KG09752
,http://library.bdrc.io/show/bdr:G2961
Palace Monastery,
,http://library.bdrc.io/show/bdr:G1PD108904
Palpung Monastery (Tibet),
,http://library.bdrc.io/show/bdr:G36
,http://library.bdrc.io/show/bdr:G3JT12497
,http://library.bdrc.io/show/bdr:G37
,http://library.bdrc.io/show/bdr:G4761
,http://library.bdrc.io/show/bdr:G3CN1561
,http://library.bdrc.io/show/bdr:G3196
Pharping,
,http://library.bdrc.io/show/bdr:G1085
,http://library.bdrc.io/show/bdr:G4450
,http://library.bdrc.io/show/bdr:G3CN500
Phuentsholing & Thimphu,
,http://library.bdrc.io/show/bdr:G4706
,http://library.bdrc.io/show/bdr:G4490
,http://library.bdrc.io/show/bdr:G1KR1268
,http://library.bdrc.io/show/bdr:G3167
,http://library.bdrc.io/show/bdr:G1KR96
Pokhara,
,http://library.bdrc.io/show/bdr:G4450
Punakha,
,http://library.bdrc.io/show/bdr:G54
,http://library.bdrc.io/show/bdr:G1KG12778
,http://library.bdrc.io/show/bdr:G3205
Rewalsar,
,http://library.bdrc.io/show/bdr:G3188
Rongbuk,
,http://library.bdrc.io/show/bdr:G186
,http://library.bdrc.io/show/bdr:G3JT12514
Rumtek,
,http://library.bdrc.io/show/bdr:G1398
,http://library.bdrc.io/show/bdr:G3JT12535
,http://library.bdrc.io/show/bdr:G3CN170
,http://library.bdrc.io/show/bdr:G1PD110071
Rupandehi,
,http://library.bdrc.io/show/bdr:G2961
,http://library.bdrc.io/show/bdr:G4450
Sanjauli,
,http://library.bdrc.io/show/bdr:G3167
Sarah,
,http://library.bdrc.io/show/bdr:G3JT12630
Sera (Tibet),
,http://library.bdrc.io/show/bdr:G2344
,http://library.bdrc.io/show/bdr:G2468
,http://library.bdrc.io/show/bdr:G2461
,http://library.bdrc.io/show/bdr:G2473
,http://library.bdrc.io/show/bdr:G2CN10851
,http://library.bdrc.io/show/bdr:G2471
,http://library.bdrc.io/show/bdr:G237
,http://library.bdrc.io/show/bdr:G2510
,http://library.bdrc.io/show/bdr:G2368
,http://library.bdrc.io/show/bdr:G2460
,http://library.bdrc.io/show/bdr:G2477
,http://library.bdrc.io/show/bdr:G1KR1909
,http://library.bdrc.io/show/bdr:G2508
,http://library.bdrc.io/show/bdr:G2466
,http://library.bdrc.io/show/bdr:G1KR138
,http://library.bdrc.io/show/bdr:G2348
,http://library.bdrc.io/show/bdr:G2353
,http://library.bdrc.io/show/bdr:G155
,http://library.bdrc.io/show/bdr:G2463
,http://library.bdrc.io/show/bdr:G2507
,http://library.bdrc.io/show/bdr:G2458
,http://library.bdrc.io/show/bdr:G2456
,http://library.bdrc.io/show/bdr:G2512
,http://library.bdrc.io/show/bdr:G2465
,http://library.bdrc.io/show/bdr:G957
,http://library.bdrc.io/show/bdr:G2514
,http://library.bdrc.io/show/bdr:G2476
,http://library.bdrc.io/show/bdr:G2472
,http://library.bdrc.io/show/bdr:G2469
,http://library.bdrc.io/show/bdr:G3JT12547
,http://library.bdrc.io/show/bdr:G2349
,http://library.bdrc.io/show/bdr:G1TD38
,http://library.bdrc.io/show/bdr:G154
,http://library.bdrc.io/show/bdr:G2CN10853
,http://library.bdrc.io/show/bdr:G2CN10854
,http://library.bdrc.io/show/bdr:G2347
,http://library.bdrc.io/show/bdr:G2511
,http://library.bdrc.io/show/bdr:G248
,http://library.bdrc.io/show/bdr:G2455
,http://library.bdrc.io/show/bdr:G2464
,http://library.bdrc.io/show/bdr:G2462
,http://library.bdrc.io/show/bdr:G2CN10856
,http://library.bdrc.io/show/bdr:G2345
,http://library.bdrc.io/show/bdr:G4010
,http://library.bdrc.io/show/bdr:G2474
,http://library.bdrc.io/show/bdr:G3JT12582
,http://library.bdrc.io/show/bdr:G2478
,http://library.bdrc.io/show/bdr:G2454
,http://library.bdrc.io/show/bdr:G2475
,http://library.bdrc.io/show/bdr:G2509
,http://library.bdrc.io/show/bdr:G2351
,http://library.bdrc.io/show/bdr:G2457
,http://library.bdrc.io/show/bdr:G2470
,http://library.bdrc.io/show/bdr:G1KR213
,http://library.bdrc.io/show/bdr:G2459
,http://library.bdrc.io/show/bdr:G3988
,http://library.bdrc.io/show/bdr:G3196
,http://library.bdrc.io/show/bdr:G2513
,http://library.bdrc.io/show/bdr:G2467
,http://library.bdrc.io/show/bdr:G2251
Sera Je Monastery (India),
,http://library.bdrc.io/show/bdr:G3188
,http://library.bdrc.io/show/bdr:G154
,http://library.bdrc.io/show/bdr:G1PD108904
Serame (Tibet),
,http://library.bdrc.io/show/bdr:G2344
,http://library.bdrc.io/show/bdr:G2461
,http://library.bdrc.io/show/bdr:G237
,http://library.bdrc.io/show/bdr:G2460
,http://library.bdrc.io/show/bdr:G2368
,http://library.bdrc.io/show/bdr:G2353
,http://library.bdrc.io/show/bdr:G2463
,http://library.bdrc.io/show/bdr:G2458
,http://library.bdrc.io/show/bdr:G2456
,http://library.bdrc.io/show/bdr:G2465
,http://library.bdrc.io/show/bdr:G154
,http://library.bdrc.io/show/bdr:G2CN10853
,http://library.bdrc.io/show/bdr:G2CN10854
,http://library.bdrc.io/show/bdr:G2347
,http://library.bdrc.io/show/bdr:G2455
,http://library.bdrc.io/show/bdr:G2464
,http://library.bdrc.io/show/bdr:G2462
,http://library.bdrc.io/show/bdr:G2454
,http://library.bdrc.io/show/bdr:G2457
,http://library.bdrc.io/show/bdr:G2459
,http://library.bdrc.io/show/bdr:G3196
Shelkar,
,http://library.bdrc.io/show/bdr:G954
,http://library.bdrc.io/show/bdr:G221
Sherig Parkhang,
,http://library.bdrc.io/show/bdr:G3JT12587
,http://library.bdrc.io/show/bdr:G3JT12630
Shoreline,
,http://library.bdrc.io/show/bdr:G3167
Sichuan,
,http://library.bdrc.io/show/bdr:G1473
Siddharthanagar,
,http://library.bdrc.io/show/bdr:G4450
Sidhpur,
,http://library.bdrc.io/show/bdr:G3JT12630
Solan,
,http://library.bdrc.io/show/bdr:G3CN1568
Sonada,
,http://library.bdrc.io/show/bdr:G3167
South India,
,http://library.bdrc.io/show/bdr:G3188
Tango,
,http://library.bdrc.io/show/bdr:G3205
Tashichhoedzong Monastery,
,http://library.bdrc.io/show/bdr:G385
,http://library.bdrc.io/show/bdr:G4706
,http://library.bdrc.io/show/bdr:G1TD12
,http://library.bdrc.io/show/bdr:G1913
,http://library.bdrc.io/show/bdr:G458
,http://library.bdrc.io/show/bdr:G1692
Tashigang,
,http://library.bdrc.io/show/bdr:G1TD42
,http://library.bdrc.io/show/bdr:G4606
Tashijong,
,http://library.bdrc.io/show/bdr:G3061
Tawang,
,http://library.bdrc.io/show/bdr:G3529
Tezu,
,http://library.bdrc.io/show/bdr:G3530
Tharpaling Monastery,
,http://library.bdrc.io/show/bdr:G3167
,http://library.bdrc.io/show/bdr:G1PD108904
The Bir Tibetan Society,
,http://library.bdrc.io/show/bdr:G3196
,http://library.bdrc.io/show/bdr:G3CN1562
Tibetan Freedom Press,
,http://library.bdrc.io/show/bdr:G3167
,http://library.bdrc.io/show/bdr:G3196
Tibetan Khampa Industrial Society,
,http://library.bdrc.io/show/bdr:G3196
,http://library.bdrc.io/show/bdr:G3CN1562
Tohoku,
,http://library.bdrc.io/show/bdr:G2961
Tokyo,
,http://library.bdrc.io/show/bdr:G00KG09752
,http://library.bdrc.io/show/bdr:G2961
Tongkor Monastery,
,http://library.bdrc.io/show/bdr:G621
Tsangdain Monastery,
,http://library.bdrc.io/show/bdr:G1300
Tuole Monastery,
,http://library.bdrc.io/show/bdr:G385
,http://library.bdrc.io/show/bdr:G1912
,http://library.bdrc.io/show/bdr:G3167
Ulaanbaatar,
,http://library.bdrc.io/show/bdr:G3JT12519
,http://library.bdrc.io/show/bdr:G584
,http://library.bdrc.io/show/bdr:G3167
,http://library.bdrc.io/show/bdr:G1PD108904
,http://library.bdrc.io/show/bdr:G3CN531
,http://library.bdrc.io/show/bdr:G3249
,http://library.bdrc.io/show/bdr:G1115
Upper Bhattu,
,http://library.bdrc.io/show/bdr:G1115
Uttarkhand,
,http://library.bdrc.io/show/bdr:G1115
Vermont,
,http://library.bdrc.io/show/bdr:G1115
,http://library.bdrc.io/show/bdr:G1PD108904
Victoria,
,http://library.bdrc.io/show/bdr:G3167
Wenchuan,
,http://library.bdrc.io/show/bdr:G238
,http://library.bdrc.io/show/bdr:G2340
Xiahe County,
,http://library.bdrc.io/show/bdr:G2396
Xiaojin County,
,http://library.bdrc.io/show/bdr:G2835
,http://library.bdrc.io/show/bdr:G1KR46
,http://library.bdrc.io/show/bdr:G2334
Xicheng District,
,http://library.bdrc.io/show/bdr:G1949
Yarchen Monastery,
,http://library.bdrc.io/show/bdr:G1KR1187
,http://library.bdrc.io/show/bdr:G3812
Yunnan,
,http://library.bdrc.io/show/bdr:G2208
Yushu Prefecture,
,http://library.bdrc.io/show/bdr:G1KR2688
,http://library.bdrc.io/show/bdr:G2324
,http://library.bdrc.io/show/bdr:G869
Zhag'yab,
,http://library.bdrc.io/show/bdr:G3JT12529
,http://library.bdrc.io/show/bdr:G3JT12578
,http://library.bdrc.io/show/bdr:G3CN170
,http://library.bdrc.io/show/bdr:G2183
,http://library.bdrc.io/show/bdr:G3767
,http://library.bdrc.io/show/bdr:G460
,http://library.bdrc.io/show/bdr:G531
,http://library.bdrc.io/show/bdr:G3768
Zhol Village,
,http://library.bdrc.io/show/bdr:G2800